{"stats":{"minecraft:killed":{"minecraft:pig":1,"minecraft:salmon":2,"minecraft:spider":1,"born_in_chaos_v1:decrepit_skeleton":3,"alexsmobs:catfish":1,"minecraft:skeleton":4,"born_in_chaos_v1:zombie_fisherman":1,"minecraft:zombie":8,"alexsmobs:cockroach":1,"born_in_chaos_v1:corpse_fly":2,"born_in_chaos_v1:skeleton_thrasher":1,"alexsmobs:crow":1,"born_in_chaos_v1:corpse_fish":4,"born_in_chaos_v1:siamese_skeletonsleft":1,"minecraft:enderman":1,"minecraft:cow":1},"minecraft:broken":{"minecraft:stone_pickaxe":1},"minecraft:crafted":{"minecraft:cooked_beef":1,"born_in_chaos_v1:smoked_fish":2,"minecraft:cooked_porkchop":1,"minecraft:crafting_table":1,"minecraft:spruce_planks":68,"minecraft:wooden_pickaxe":1,"minecraft:furnace":2,"minecraft:cooked_salmon":3,"minecraft:birch_planks":28,"minecraft:stone_axe":1,"minecraft:air":0,"minecraft:iron_chestplate":2,"minecraft:wooden_hoe":1,"minecraft:charcoal":6,"minecraft:shield":1,"minecraft:stick":28,"born_in_chaos_v1:fried_maggot":1,"born_in_chaos_v1:smoked_flesh":25,"minecraft:iron_ingot":38,"minecraft:iron_pickaxe":2,"minecraft:stone_pickaxe":1,"minecraft:stone_sword":1,"minecraft:chest":3,"minecraft:iron_leggings":2,"minecraft:torch":52,"minecraft:smoker":1},"minecraft:dropped":{"minecraft:iron_ingot":1,"vinery:taiga_grape_seeds_red":1,"born_in_chaos_v1:fried_maggot":1,"born_in_chaos_v1:smoked_flesh":1,"minecraft:shield":1,"minecraft:wooden_hoe":1,"minecraft:iron_chestplate":1,"minecraft:iron_leggings":1,"minecraft:iron_pickaxe":1},"minecraft:used":{"minecraft:stone_sword":125,"minecraft:stone_pickaxe":131,"minecraft:wooden_pickaxe":12,"minecraft:chest":3,"minecraft:spruce_planks":3,"minecraft:shield":10,"minecraft:torch":43,"minecraft:dirt":4,"minecraft:crafting_table":2,"minecraft:smoker":1,"minecraft:wooden_hoe":1,"born_in_chaos_v1:smoked_flesh":22,"minecraft:bread":2,"minecraft:iron_pickaxe":95,"minecraft:iron_helmet":1,"minecraft:stone_axe":26,"minecraft:cobblestone":6,"minecraft:sweet_berries":21,"minecraft:furnace":1,"minecraft:oak_sapling":1,"farmersdelight:cooking_pot":1,"minecraft:andesite":1,"alexsmobs:animal_dictionary":3,"minecraft:cooked_beef":1,"minecraft:peony":1},"minecraft:mined":{"minecraft:deepslate_redstone_ore":5,"minecraft:tuff":4,"minecraft:spruce_planks":2,"minecraft:glow_lichen":1,"minecraft:crafting_table":2,"minecraft:torch":1,"minecraft:grass_block":3,"minecraft:cobblestone":3,"minecraft:spruce_leaves":5,"minecraft:deepslate_gold_ore":2,"minecraft:diorite":1,"minecraft:wall_torch":5,"minecraft:seagrass":2,"minecraft:tall_seagrass":2,"minecraft:raw_iron_block":2,"minecraft:redstone_ore":3,"minecraft:furnace":1,"minecraft:iron_ore":43,"treechop:chopped_log":5,"minecraft:andesite":3,"minecraft:peony":1,"minecraft:grass":3,"minecraft:coal_ore":4,"minecraft:deepslate_iron_ore":39,"minecraft:dripstone_block":1,"minecraft:dirt":7,"minecraft:cobweb":5,"minecraft:stone":105,"minecraft:gold_ore":2,"minecraft:oak_leaves":5,"minecraft:deepslate":6},"minecraft:picked_up":{"minecraft:birch_log":7,"minecraft:charcoal":1,"born_in_chaos_v1:corpse_maggot":1,"minecraft:crafting_table":2,"born_in_chaos_v1:monster_flesh":1,"born_in_chaos_v1:river_mint":1,"minecraft:andesite":1,"minecraft:salmon":2,"minecraft:leather":1,"minecraft:wooden_pickaxe":1,"minecraft:tuff":4,"minecraft:oak_log":7,"minecraft:shield":1,"minecraft:gunpowder":2,"minecraft:string":6,"minecraft:dirt":10,"minecraft:bone":15,"minecraft:apple":1,"minecraft:bow":1,"minecraft:wheat_seeds":2,"minecraft:cobbled_deepslate":6,"minecraft:raw_gold":4,"alexsmobs:cockroach_wing_fragment":1,"minecraft:spruce_planks":14,"minecraft:beef":1,"minecraft:birch_sapling":1,"minecraft:iron_boots":1,"minecraft:furnace":1,"minecraft:raw_iron":82,"minecraft:stick":6,"born_in_chaos_v1:shattered_skull":1,"minecraft:sweet_berries":31,"vinery:taiga_grape_seeds_red":4,"minecraft:torch":15,"minecraft:raw_iron_block":2,"minecraft:dripstone_block":1,"minecraft:porkchop":1,"minecraft:spruce_sapling":6,"minecraft:diorite":1,"minecraft:spruce_log":21,"minecraft:redstone":36,"alexsmobs:raw_catfish":3,"minecraft:arrow":5,"minecraft:rotten_flesh":20,"minecraft:peony":1,"minecraft:iron_helmet":1,"minecraft:bone_meal":1,"minecraft:oak_sapling":7,"born_in_chaos_v1:rotten_fish":3,"minecraft:coal":7,"minecraft:ender_pearl":1,"minecraft:cobblestone":106,"born_in_chaos_v1:fused_bone":2},"minecraft:custom":{"minecraft:interact_with_furnace":34,"minecraft:mob_kills":33,"minecraft:interact_with_crafting_table":31,"minecraft:damage_dealt_resisted":494,"minecraft:leave_game":5,"minecraft:time_since_death":108415,"minecraft:time_since_rest":108415,"minecraft:damage_taken":900,"minecraft:sprint_one_cm":117661,"minecraft:walk_one_cm":310137,"minecraft:damage_blocked_by_shield":200,"minecraft:drop":9,"minecraft:damage_dealt":5483,"minecraft:swim_one_cm":48004,"minecraft:fly_one_cm":168221,"minecraft:open_chest":45,"minecraft:crouch_one_cm":3458,"minecraft:play_time":108415,"minecraft:sneak_time":1244,"minecraft:walk_under_water_one_cm":32469,"minecraft:jump":1545,"minecraft:walk_on_water_one_cm":55154,"minecraft:total_world_time":108415,"minecraft:interact_with_smoker":15,"minecraft:fall_one_cm":35768}},"DataVersion":3465}