{"stats":{"minecraft:broken":{"minecraft:stone_pickaxe":1},"minecraft:mined":{"minecraft:tuff":4,"minecraft:spruce_planks":3,"minecraft:mossy_cobblestone":2,"minecraft:deepslate_diamond_ore":8,"minecraft:sculk_vein":1,"gravestone:gravestone":2,"minecraft:granite":2,"vinery:taiga_grape_bush_red":2,"minecraft:grass_block":3,"born_in_chaos_v1:black_argillite":1,"minecraft:spruce_leaves":7,"minecraft:large_fern":1,"minecraft:furnace":3,"minecraft:iron_ore":47,"biomesoplenty:violet":3,"minecraft:andesite":10,"treechop:chopped_log":9,"biomesoplenty:hanging_cobweb":3,"vinery:taiga_grape_bush_white":1,"minecraft:stone":96,"minecraft:smoker":7,"minecraft:crafting_table":4,"minecraft:calcite":7,"biomesoplenty:snowblossom_leaves":1,"minecraft:cobblestone":1,"minecraft:lapis_ore":11,"biomesoplenty:sprout":3,"minecraft:deepslate_gold_ore":5,"minecraft:sugar_cane":9,"minecraft:sculk":49,"minecraft:diorite":5,"minecraft:blue_bed":1,"minecraft:wall_torch":1,"minecraft:amethyst_block":1,"minecraft:seagrass":1,"minecraft:wheat":10,"minecraft:lilac":1,"minecraft:spruce_log":4,"biomesoplenty:maple_leaves":2,"minecraft:grass":19,"minecraft:oak_log":3,"minecraft:coal_ore":87,"minecraft:sunflower":2,"minecraft:sand":1,"minecraft:dirt":2,"biomesoplenty:stringy_cobweb":1,"minecraft:cobweb":6,"minecraft:smooth_basalt":2,"born_in_chaos_v1:infernal_evil_pumpkin_s":1,"minecraft:gold_ore":15,"minecraft:oak_leaves":2,"minecraft:deepslate":65,"minecraft:fern":3},"minecraft:picked_up":{"minecraft:crafting_table":3,"minecraft:wheat":10,"minecraft:chicken":5,"gnumus:gnumus_claw":4,"artifacts:bunny_hoppers":1,"born_in_chaos_v1:black_argillite":1,"minecraft:string":5,"minecraft:cobbled_deepslate":8,"minecraft:spruce_planks":37,"gnumus:packaged_goods":1,"born_in_chaos_v1:gnawed_bones":3,"minecraft:calcite":6,"minecraft:poppy":1,"minecraft:sugar_cane":16,"minecraft:furnace":3,"minecraft:raw_iron":42,"minecraft:stick":26,"gnumus:juicy_meat":6,"minecraft:torch":1,"minecraft:porkchop":14,"minecraft:diorite":5,"minecraft:carrot":1,"minecraft:arrow":13,"minecraft:rotten_flesh":33,"artifacts:running_shoes":1,"minecraft:snowball":2,"born_in_chaos_v1:trident_hayfork":1,"gnumus:mouse_skin":4,"minecraft:cod":3,"minecraft:cobblestone":105,"born_in_chaos_v1:corpse_maggot":6,"minecraft:lilac":2,"gnumus:gnumus_doubloons":3,"minecraft:feather":6,"minecraft:cooked_beef":1,"born_in_chaos_v1:monster_flesh":2,"minecraft:andesite":9,"minecraft:leather":1,"alexsmobs:bear_fur":1,"minecraft:smoker":5,"gnumus:gnumus_pouch":1,"biomesoplenty:fir_sapling":52,"biomesoplenty:fir_log":113,"minecraft:tuff":3,"minecraft:oak_log":24,"minecraft:gunpowder":2,"minecraft:blue_bed":1,"minecraft:lapis_lazuli":81,"minecraft:dirt":3,"minecraft:paper":1,"gnumus:gnumus_pouch_2":1,"born_in_chaos_v1:monster_skin":6,"biomesoplenty:snowblossom_sapling":1,"minecraft:bone":19,"minecraft:apple":1,"minecraft:wheat_seeds":4,"minecraft:raw_gold":20,"minecraft:iron_ingot":1,"minecraft:cooked_chicken":2,"minecraft:smooth_basalt":2,"minecraft:cooked_porkchop":2,"vinery:taiga_grape_seeds_red":2,"born_in_chaos_v1:ethereal_spirit":1,"born_in_chaos_v1:dark_rod":1,"minecraft:sand":1,"minecraft:spruce_sapling":5,"minecraft:spruce_log":31,"minecraft:mossy_cobblestone":1,"minecraft:iron_hoe":1,"biomesoplenty:maple_sapling":1,"minecraft:diamond":8,"gnumus:gnumus_clay":11,"waystones:waystone":2,"minecraft:granite":2,"alexsmobs:moose_ribs":16,"minecraft:oak_sapling":17,"minecraft:coal":73,"minecraft:sunflower":1},"minecraft:dropped":{"minecraft:bread":1,"minecraft:wheat_seeds":4,"minecraft:mossy_cobblestone":1,"minecraft:cooked_porkchop":2,"biomesoplenty:maple_sapling":1,"minecraft:coal":11,"biomesoplenty:fir_sapling":52,"born_in_chaos_v1:monster_flesh":2,"gnumus:gnumus_claw":1,"minecraft:wooden_axe":2,"minecraft:cooked_salmon":4,"gravestone:obituary":2,"minecraft:sunflower":1,"gnumus:grilled_juicy_meat":4,"minecraft:string":2,"artifacts:bunny_hoppers":1,"minecraft:spruce_sapling":5,"minecraft:smooth_basalt":1,"minecraft:stone_axe":1,"vinery:taiga_grape_seeds_red":1,"minecraft:cooked_chicken":2,"minecraft:cobbled_deepslate":3,"minecraft:wheat":1,"minecraft:rotten_flesh":13,"minecraft:iron_boots":1,"minecraft:iron_hoe":1,"gnumus:gnumus_doubloons":3,"gnumus:gnumus_clay":11,"minecraft:spruce_planks":10,"born_in_chaos_v1:corpse_maggot":3,"minecraft:wooden_pickaxe":1,"minecraft:calcite":6},"minecraft:crafted":{"gnumus:grilled_juicy_meat":6,"minecraft:cooked_chicken":3,"minecraft:furnace":4,"minecraft:iron_boots":2,"minecraft:iron_axe":1,"minecraft:stone_pickaxe":2,"minecraft:chest":2,"minecraft:cooked_cod":3,"minecraft:cooked_porkchop":8,"minecraft:crafting_table":5,"minecraft:spruce_planks":124,"minecraft:wooden_pickaxe":1,"minecraft:iron_helmet":1,"minecraft:iron_sword":1,"alexsmobs:cooked_moose_ribs":17,"minecraft:cooked_salmon":13,"minecraft:bucket":1,"minecraft:stone_axe":2,"minecraft:bread":6,"minecraft:air":0,"minecraft:shield":1,"minecraft:stick":32,"minecraft:iron_ingot":46,"minecraft:iron_pickaxe":1,"minecraft:wooden_axe":2,"minecraft:gold_ingot":20,"minecraft:iron_leggings":1,"minecraft:torch":156},"minecraft:killed_by":{"born_in_chaos_v1:dread_hound":1},"minecraft:killed":{"born_in_chaos_v1:zombie_lumberjack":1,"minecraft:spider":1,"born_in_chaos_v1:zombie_bruiser":1,"born_in_chaos_v1:baby_skeleton_minion":3,"born_in_chaos_v1:maggot":7,"minecraft:skeleton":14,"minecraft:chicken":6,"gnumus:gnumus_hunter":2,"artifacts:mimic":2,"born_in_chaos_v1:bonescaller":1,"minecraft:pig":5,"alexsmobs:grizzly_bear":1,"born_in_chaos_v1:baby_skeleton":1,"born_in_chaos_v1:swarmer":1,"gnumus:big_snout":2,"minecraft:creeper":1,"born_in_chaos_v1:decrepit_skeleton":2,"minecraft:sheep":1,"gnumus:gnumus_merchant":1,"minecraft:zombie":20,"born_in_chaos_v1:dread_hound":11,"born_in_chaos_v1:corpse_fly":5,"born_in_chaos_v1:dark_vortex":1,"alexsmobs:moose":6,"born_in_chaos_v1:door_knight":3,"minecraft:enderman":2},"minecraft:custom":{"minecraft:mob_kills":101,"minecraft:interact_with_crafting_table":34,"minecraft:open_barrel":19,"minecraft:damage_dealt_resisted":3554,"minecraft:leave_game":2,"minecraft:time_since_death":120721,"minecraft:climb_one_cm":155,"minecraft:sprint_one_cm":734397,"minecraft:walk_one_cm":295140,"minecraft:damage_blocked_by_shield":1848,"minecraft:drop":41,"minecraft:talked_to_villager":6,"minecraft:play_time":134694,"minecraft:deaths":2,"minecraft:sneak_time":4421,"minecraft:walk_under_water_one_cm":5396,"minecraft:jump":3175,"minecraft:walk_on_water_one_cm":24226,"minecraft:total_world_time":134694,"minecraft:interact_with_furnace":64,"minecraft:sleep_in_bed":2,"minecraft:time_since_rest":101620,"minecraft:waystone_activated":1,"minecraft:damage_taken":4527,"minecraft:damage_dealt":23797,"minecraft:swim_one_cm":22722,"minecraft:fly_one_cm":722966,"minecraft:open_chest":21,"minecraft:crouch_one_cm":12338,"minecraft:interact_with_smoker":45,"minecraft:fall_one_cm":122224},"minecraft:used":{"minecraft:poppy":1,"minecraft:chest":2,"minecraft:spruce_planks":23,"minecraft:shield":45,"minecraft:iron_sword":204,"born_in_chaos_v1:black_argillite":1,"minecraft:cooked_salmon":9,"minecraft:cooked_chicken":3,"minecraft:rotten_flesh":2,"minecraft:torch":152,"minecraft:dirt":3,"minecraft:tuff":2,"minecraft:granite":2,"vinery:taiga_grape_seeds_red":1,"minecraft:iron_hoe":10,"born_in_chaos_v1:corpse_maggot":3,"minecraft:wooden_axe":33,"minecraft:iron_axe":13,"minecraft:iron_helmet":1,"minecraft:iron_boots":1,"minecraft:smooth_basalt":1,"minecraft:furnace":4,"minecraft:cooked_cod":3,"minecraft:cooked_beef":1,"gnumus:grilled_juicy_meat":2,"minecraft:iron_leggings":1,"born_in_chaos_v1:trident_hayfork":216,"minecraft:water_bucket":4,"minecraft:diorite":3,"minecraft:stone_pickaxe":172,"minecraft:wooden_pickaxe":3,"beautify:hanging_pot":1,"minecraft:sand":20,"minecraft:crafting_table":8,"minecraft:smoker":5,"minecraft:apple":1,"minecraft:bread":19,"minecraft:iron_pickaxe":257,"minecraft:lilac":2,"minecraft:stone_axe":91,"alexsmobs:cooked_moose_ribs":17,"minecraft:cobblestone":34,"minecraft:cooked_porkchop":12,"minecraft:bucket":5,"minecraft:andesite":9,"alexsmobs:animal_dictionary":1,"biomesoplenty:fir_log":10}},"DataVersion":3465}