{"stats":{"minecraft:broken":{"minecraft:stone_pickaxe":1,"minecraft:wooden_axe":1,"minecraft:stone_hoe":2,"minecraft:iron_hoe":2},"minecraft:mined":{"minecraft:spruce_planks":2,"minecraft:hanging_roots":1,"minecraft:cobblestone_stairs":1,"minecraft:smoker":2,"minecraft:sculk_vein":42,"minecraft:torch":2,"minecraft:granite":3,"minecraft:grass_block":3,"minecraft:calcite":1,"minecraft:sculk_sensor":30,"minecraft:cobblestone":10,"minecraft:spruce_leaves":3,"minecraft:sculk":785,"minecraft:diorite":1,"minecraft:amethyst_block":4,"minecraft:purple_bed":1,"minecraft:sculk_catalyst":2,"minecraft:iron_ore":26,"minecraft:cobbled_deepslate":2,"biomesoplenty:maple_leaves":1,"minecraft:lilac":1,"biomesoplenty:violet":1,"minecraft:spruce_log":1,"treechop:chopped_log":11,"minecraft:yellow_bed":1,"minecraft:grass":8,"biomesoplenty:hanging_cobweb":2,"minecraft:sculk_shrieker":2,"minecraft:coal_ore":28,"minecraft:deepslate_iron_ore":8,"minecraft:dripstone_block":1,"minecraft:dirt":2,"minecraft:cobweb":2,"minecraft:smooth_basalt":3,"minecraft:stone":50,"biomesoplenty:spider_egg":1,"minecraft:oak_leaves":4,"minecraft:deepslate":28,"minecraft:fern":4},"minecraft:picked_up":{"minecraft:birch_log":7,"minecraft:crafting_table":1,"gnumus:gnumus_doubloons":3,"born_in_chaos_v1:monster_flesh":3,"minecraft:andesite":1,"minecraft:leather":2,"artifacts:bunny_hoppers":1,"minecraft:smoker":4,"minecraft:flint":1,"minecraft:oak_log":23,"minecraft:yellow_bed":1,"minecraft:cobblestone_stairs":1,"minecraft:amethyst_block":4,"minecraft:dirt":5,"minecraft:string":6,"minecraft:cooked_salmon":4,"born_in_chaos_v1:monster_skin":1,"minecraft:bone":4,"minecraft:cobbled_deepslate":87,"minecraft:spruce_planks":2,"minecraft:beef":3,"minecraft:cooked_chicken":2,"minecraft:calcite":2,"minecraft:birch_sapling":9,"minecraft:iron_boots":1,"minecraft:stick":12,"minecraft:raw_iron":39,"minecraft:smooth_basalt":3,"vinery:taiga_grape_seeds_red":1,"born_in_chaos_v1:phantom_powder":1,"minecraft:torch":7,"minecraft:dripstone_block":1,"born_in_chaos_v1:dark_rod":1,"minecraft:spruce_sapling":19,"minecraft:diorite":1,"minecraft:spruce_log":37,"gnumus:grilled_juicy_meat":4,"minecraft:purple_bed":1,"minecraft:rotten_flesh":9,"minecraft:granite":6,"minecraft:baked_potato":17,"alexsmobs:moose_ribs":11,"minecraft:bread":1,"minecraft:oak_sapling":15,"minecraft:snowball":1,"minecraft:coal":62,"minecraft:cobblestone":59},"minecraft:dropped":{"minecraft:cooked_beef":1,"minecraft:cobbled_deepslate":2,"minecraft:birch_sapling":9,"minecraft:cobblestone":6,"minecraft:leather":1,"minecraft:granite":3,"minecraft:cobblestone_stairs":1,"minecraft:smooth_basalt":3,"minecraft:calcite":2},"minecraft:crafted":{"minecraft:cooked_beef":3,"minecraft:oak_planks":4,"minecraft:cooked_porkchop":6,"minecraft:crafting_table":4,"minecraft:spruce_planks":120,"minecraft:baked_potato":6,"minecraft:iron_helmet":1,"minecraft:wooden_pickaxe":1,"alexsmobs:cooked_moose_ribs":4,"minecraft:furnace":1,"minecraft:stone_axe":1,"born_in_chaos_v1:smoked_monster_flesh":2,"minecraft:air":0,"minecraft:iron_chestplate":1,"minecraft:iron_hoe":2,"minecraft:stick":32,"minecraft:iron_ingot":30,"minecraft:stone_pickaxe":2,"minecraft:wooden_axe":1,"minecraft:stone_sword":1,"minecraft:chest":1,"minecraft:torch":68,"minecraft:stone_hoe":2},"minecraft:killed_by":{"minecraft:creeper":1,"alexsmobs:grizzly_bear":1,"born_in_chaos_v1:dire_hound_leader":1},"minecraft:killed":{"minecraft:cave_spider":1,"born_in_chaos_v1:baby_skeleton":1,"born_in_chaos_v1:baby_skeleton_minion":2,"born_in_chaos_v1:decrepit_skeleton":2,"born_in_chaos_v1:dark_vortex":1,"born_in_chaos_v1:corpse_fly":2,"gnumus:gnumus_hunter":1,"alexsmobs:moose":8,"minecraft:cow":2},"minecraft:custom":{"minecraft:interact_with_furnace":32,"minecraft:mob_kills":20,"minecraft:interact_with_crafting_table":17,"minecraft:open_barrel":13,"minecraft:damage_dealt_resisted":174,"minecraft:leave_game":1,"minecraft:time_since_death":823,"minecraft:sleep_in_bed":1,"minecraft:climb_one_cm":104,"minecraft:time_since_rest":835,"minecraft:sprint_one_cm":374606,"minecraft:damage_taken":3026,"minecraft:walk_one_cm":266018,"minecraft:drop":12,"minecraft:damage_dealt":5533,"minecraft:talked_to_villager":2,"minecraft:swim_one_cm":24357,"minecraft:fly_one_cm":440027,"minecraft:open_chest":14,"minecraft:crouch_one_cm":2999,"minecraft:play_time":131404,"minecraft:deaths":3,"minecraft:sneak_time":1429,"minecraft:walk_under_water_one_cm":7767,"minecraft:jump":2466,"minecraft:walk_on_water_one_cm":23921,"minecraft:total_world_time":131404,"minecraft:interact_with_smoker":16,"minecraft:fall_one_cm":105060},"minecraft:used":{"minecraft:stone_sword":112,"minecraft:baked_potato":13,"minecraft:stone_pickaxe":153,"minecraft:chest":1,"minecraft:spruce_planks":16,"minecraft:wooden_pickaxe":22,"minecraft:cooked_salmon":4,"minecraft:stone_hoe":263,"minecraft:cooked_chicken":2,"minecraft:torch":40,"minecraft:dirt":5,"minecraft:crafting_table":3,"minecraft:smoker":2,"minecraft:iron_hoe":501,"minecraft:wooden_axe":49,"minecraft:bread":3,"born_in_chaos_v1:smoked_monster_flesh":2,"minecraft:stone_axe":17,"alexsmobs:cooked_moose_ribs":4,"minecraft:cobblestone":30,"minecraft:furnace":1,"minecraft:cooked_porkchop":2,"minecraft:yellow_bed":1,"alexsmobs:animal_dictionary":2,"minecraft:cobbled_deepslate":28,"minecraft:cooked_beef":2,"gnumus:grilled_juicy_meat":4}},"DataVersion":3465}