{"stats":{"minecraft:broken":{"minecraft:iron_shovel":1,"minecraft:stone_pickaxe":5,"minecraft:stone_axe":2,"minecraft:stone_shovel":1},"minecraft:mined":{"minecraft:large_amethyst_bud":1,"minecraft:tuff":43,"minecraft:glow_lichen":1,"minecraft:granite":17,"minecraft:budding_amethyst":3,"vinery:taiga_grape_bush_red":2,"minecraft:grass_block":337,"minecraft:spruce_leaves":9,"minecraft:large_fern":1,"minecraft:raw_iron_block":1,"minecraft:iron_ore":43,"minecraft:andesite":17,"treechop:chopped_log":24,"minecraft:deepslate_lapis_ore":13,"minecraft:pointed_dripstone":1,"minecraft:deepslate_iron_ore":50,"minecraft:rail":51,"minecraft:stone":462,"minecraft:deepslate_redstone_ore":11,"minecraft:medium_amethyst_bud":1,"minecraft:amethyst_cluster":2,"minecraft:cornflower":5,"minecraft:torch":4,"minecraft:calcite":15,"minecraft:chest":1,"minecraft:tall_grass":5,"minecraft:copper_ore":8,"minecraft:cobblestone":3,"minecraft:deepslate_gold_ore":15,"minecraft:sugar_cane":6,"minecraft:diorite":4,"minecraft:wall_torch":3,"minecraft:amethyst_block":24,"minecraft:wheat":4,"minecraft:sweet_berry_bush":19,"minecraft:spruce_log":1,"minecraft:bee_nest":1,"minecraft:grass":21,"minecraft:oak_log":1,"minecraft:coal_ore":95,"minecraft:gravel":1,"minecraft:dripstone_block":9,"minecraft:dirt":83,"minecraft:cobweb":8,"minecraft:smooth_basalt":10,"minecraft:gold_ore":7,"minecraft:oak_leaves":8,"minecraft:deepslate":98,"minecraft:fern":1},"minecraft:picked_up":{"minecraft:iron_chestplate":1,"minecraft:chicken":1,"minecraft:shield":1,"minecraft:amethyst_block":23,"minecraft:cornflower":5,"minecraft:raw_copper":30,"minecraft:string":11,"minecraft:iron_leggings":1,"minecraft:cobbled_deepslate":96,"minecraft:calcite":15,"minecraft:iron_pickaxe":1,"minecraft:chest":1,"minecraft:sugar_cane":13,"minecraft:raw_iron":93,"minecraft:stick":30,"minecraft:torch":9,"minecraft:porkchop":2,"minecraft:cherry_log":2,"minecraft:pointed_dripstone":3,"minecraft:diorite":3,"minecraft:redstone":49,"born_in_chaos_v1:fried_maggot":1,"minecraft:arrow":3,"minecraft:rotten_flesh":17,"minecraft:rail":51,"minecraft:cobblestone":464,"minecraft:oxeye_daisy":1,"born_in_chaos_v1:corpse_maggot":3,"born_in_chaos_v1:monster_flesh":1,"minecraft:andesite":17,"minecraft:salmon":2,"minecraft:tuff":41,"minecraft:oak_log":54,"minecraft:lapis_lazuli":85,"minecraft:dirt":388,"born_in_chaos_v1:monster_skin":1,"minecraft:bone":4,"minecraft:apple":1,"minecraft:wheat_seeds":11,"minecraft:raw_gold":22,"born_in_chaos_v1:smoked_flesh":2,"minecraft:iron_ingot":2,"minecraft:stone_pickaxe":1,"minecraft:smooth_basalt":10,"minecraft:sweet_berries":46,"vinery:taiga_grape_seeds_red":5,"minecraft:dandelion":2,"minecraft:raw_iron_block":1,"minecraft:dripstone_block":9,"minecraft:gravel":1,"minecraft:amethyst_shard":8,"minecraft:spruce_sapling":39,"minecraft:spruce_log":96,"minecraft:grass_block":1,"minecraft:dark_oak_log":2,"minecraft:granite":17,"minecraft:bone_meal":1,"born_in_chaos_v1:rotten_fish":1,"minecraft:oak_sapling":26,"minecraft:coal":92},"minecraft:dropped":{"minecraft:iron_helmet":1,"born_in_chaos_v1:monster_flesh":1,"minecraft:torch":8,"minecraft:sweet_berries":5,"vinery:taiga_grape_seeds_red":3,"minecraft:rotten_flesh":5,"born_in_chaos_v1:smoked_flesh":1,"minecraft:iron_boots":1,"minecraft:wooden_pickaxe":1,"minecraft:stone_pickaxe":1},"minecraft:crafted":{"minecraft:oak_planks":56,"minecraft:stone_shovel":1,"minecraft:cooked_chicken":1,"minecraft:furnace":4,"minecraft:spruce_fence":36,"minecraft:iron_boots":2,"minecraft:iron_axe":1,"born_in_chaos_v1:fried_maggot":3,"minecraft:stone_pickaxe":6,"minecraft:cobblestone_wall":12,"minecraft:chest":2,"minecraft:dark_oak_planks":8,"minecraft:stone_hoe":2,"born_in_chaos_v1:smoked_fish":1,"minecraft:cooked_porkchop":2,"minecraft:crafting_table":6,"minecraft:spruce_planks":116,"minecraft:wooden_pickaxe":1,"minecraft:iron_helmet":2,"minecraft:iron_sword":1,"minecraft:blue_bed":1,"minecraft:cooked_salmon":1,"minecraft:stone_axe":3,"minecraft:air":0,"minecraft:blue_dye":5,"minecraft:oak_fence_gate":1,"minecraft:white_wool":3,"minecraft:charcoal":3,"minecraft:birch_fence":21,"minecraft:stick":80,"born_in_chaos_v1:smoked_flesh":4,"minecraft:iron_ingot":41,"minecraft:iron_pickaxe":2,"minecraft:iron_shovel":1,"minecraft:white_bed":1,"minecraft:spruce_fence_gate":1,"minecraft:torch":40},"minecraft:killed":{"born_in_chaos_v1:zombie_lumberjack":1,"born_in_chaos_v1:skeleton_demoman":1,"minecraft:spider":2,"born_in_chaos_v1:siamese_skeletonsright":1,"born_in_chaos_v1:maggot":1,"minecraft:skeleton":3,"minecraft:bee":1,"minecraft:chicken":1,"born_in_chaos_v1:corpse_fish":2,"born_in_chaos_v1:baby_skeleton":1,"minecraft:salmon":2,"minecraft:bat":1,"born_in_chaos_v1:decrepit_skeleton":1,"minecraft:zombie":6,"born_in_chaos_v1:dread_hound":1,"born_in_chaos_v1:corpse_fly":3},"minecraft:custom":{"minecraft:mob_kills":30,"minecraft:interact_with_crafting_table":42,"minecraft:leave_game":2,"minecraft:time_since_death":130559,"minecraft:sprint_one_cm":185379,"minecraft:walk_one_cm":475826,"minecraft:damage_blocked_by_shield":380,"minecraft:drop":23,"minecraft:play_time":130559,"minecraft:sneak_time":3358,"minecraft:walk_under_water_one_cm":44021,"minecraft:jump":1981,"minecraft:walk_on_water_one_cm":40472,"minecraft:total_world_time":130559,"minecraft:interact_with_furnace":49,"minecraft:sleep_in_bed":1,"minecraft:time_since_rest":854,"minecraft:damage_taken":1087,"minecraft:damage_dealt":5273,"minecraft:swim_one_cm":7646,"minecraft:fly_one_cm":146087,"minecraft:open_chest":51,"minecraft:crouch_one_cm":7224,"minecraft:interact_with_smoker":15,"minecraft:fall_one_cm":43378},"minecraft:used":{"minecraft:iron_shovel":269,"minecraft:stone_shovel":131,"born_in_chaos_v1:smoked_fish":1,"minecraft:chest":3,"minecraft:shield":16,"minecraft:iron_sword":32,"minecraft:stone_hoe":28,"born_in_chaos_v1:fried_maggot":4,"minecraft:cooked_salmon":3,"minecraft:rotten_flesh":1,"minecraft:cooked_chicken":1,"minecraft:iron_chestplate":1,"minecraft:torch":35,"minecraft:dirt":74,"minecraft:cobblestone_wall":12,"minecraft:tuff":13,"vinery:taiga_grape_seeds_red":1,"born_in_chaos_v1:smoked_flesh":1,"minecraft:iron_axe":31,"minecraft:sweet_berries":72,"minecraft:furnace":4,"minecraft:cobbled_deepslate":1,"minecraft:wheat_seeds":12,"minecraft:stone_pickaxe":776,"minecraft:wooden_pickaxe":10,"minecraft:blue_bed":1,"minecraft:sugar_cane":13,"minecraft:crafting_table":6,"minecraft:apple":2,"minecraft:iron_pickaxe":226,"minecraft:spruce_sapling":10,"minecraft:stone_axe":198,"minecraft:cobblestone":185,"minecraft:cooked_porkchop":2}},"DataVersion":3465}