{"stats":{"minecraft:mined":{"minecraft:spruce_log":1,"minecraft:spruce_leaves":5},"minecraft:picked_up":{"minecraft:spruce_log":1},"minecraft:crafted":{"minecraft:spruce_planks":4},"minecraft:custom":{"minecraft:jump":61,"minecraft:time_since_rest":11161,"minecraft:walk_on_water_one_cm":652,"minecraft:damage_taken":35,"minecraft:damage_dealt":36,"minecraft:crouch_one_cm":250,"minecraft:sprint_one_cm":5612,"minecraft:play_time":11161,"minecraft:time_since_death":11161,"minecraft:walk_one_cm":4835,"minecraft:sneak_time":56,"minecraft:total_world_time":11161,"minecraft:walk_under_water_one_cm":33,"minecraft:swim_one_cm":6077,"minecraft:fall_one_cm":1432,"minecraft:fly_one_cm":13885,"minecraft:leave_game":1},"minecraft:used":{"minecraft:spruce_planks":4,"alexsmobs:animal_dictionary":1}},"DataVersion":3465}